item_id,your_answer,confidence
A000,other person,
A001,assistant,
A002,other person,
A003,assistant,
A004,assistant,
A005,assistant,
A006,other person,
A007,assistant,
A008,other person,
A009,assistant,
A010,assistant,
A011,assistant,
A012,assistant,
A013,other person,
A014,assistant,
A015,assistant,
A016,assistant,
A017,other person,
A018,assistant,
A019,cannot tell,
A020,assistant,
A021,assistant,
A022,assistant,
A023,other person,
A024,other person,
B000,assistant,3
B001,other person,3
B002,assistant,3
B003,other person,3
B004,assistant,3
B005,other person,3
B006,other person,3
B007,other person,3
B008,assistant,3
B009,assistant,3
B010,other person,2
B011,assistant,3
B012,assistant,3
B013,assistant,3
B014,assistant,3
B015,assistant,3
B016,assistant,3
B017,other person,3
B018,other person,3
B019,assistant,3
B020,assistant,3
B021,assistant,3
B022,assistant,3
B023,assistant,3
B024,assistant,3
B025,assistant,3
B026,assistant,3
B027,assistant,3
B028,cannot tell,3
B029,assistant,3
B030,other person,3
B031,assistant,3
B032,other person,3
B033,other person,3
B034,assistant,3
C000,not from list,3
C001,not from list,3
C002,not from list,3
C003,not from list,3
C004,not from list,3
C005,uses list,2
C006,not from list,2
C007,uses list,2
C008,not from list,5
C009,not from list,3
C010,not from list,3
C011,wrong person,3
C012,uses list,3
C013,not from list,3
C014,not from list,3
C015,not from list,3
C016,not from list,3
C017,uses list,2
C018,not from list,3
C019,not from list,3
C020,not from list,3
C021,not from list,3
C022,not from list,3
C023,wrong person,3
C024,not from list,3
C025,not from list,3
C026,uses list,2
C027,not from list,3
C028,not from list,3
C029,not from list,3
D000,yes,
D001,no,
D002,no,
D003,no,
D004,no,
D005,yes,
D006,yes,
D007,yes,
D008,yes,
D009,no,
E000,yes,3
E001,no,3
E002,no,3
E003,no,3
E004,yes,3
E005,yes,3
E006,yes,3
E007,no,3
E008,no,3
E009,yes,3
E010,no,3
E011,no,3
E012,no,3
E013,yes,3
E014,yes,3
E015,yes,3
E016,no,3
E017,no,3
E018,yes,3
E019,yes,3
E020,no,3
E021,yes,3
E022,no,3
E023,yes,3
E024,no,3
