item_id,instrument,pair_id,turn,truth,gaze_congruent,condition,llm_judge_score,dimension,intended,machine_said
A000,a_with_gaze,P19,23,assistant,True,,,,,
A001,a_with_gaze,P37,24,assistant,True,,,,,
A002,a_with_gaze,P20,11,assistant,True,,,,,
A003,a_with_gaze,P29,3,assistant,True,,,,,
A004,a_with_gaze,P22,25,assistant,True,,,,,
A005,a_with_gaze,P26,19,assistant,True,,,,,
A006,a_with_gaze,P23,26,other person,True,,,,,
A007,a_with_gaze,P25,7,assistant,True,,,,,
A008,a_with_gaze,P35,4,other person,True,,,,,
A009,a_with_gaze,P18,12,other person,True,,,,,
A010,a_with_gaze,P03,12,other person,True,,,,,
A011,a_with_gaze,P08,22,assistant,True,,,,,
A012,a_with_gaze,P09,30,other person,True,,,,,
A013,a_with_gaze,P37,30,other person,True,,,,,
A014,a_with_gaze,P30,19,assistant,True,,,,,
A015,a_with_gaze,P17,15,assistant,True,,,,,
A016,a_with_gaze,P00,5,other person,True,,,,,
A017,a_with_gaze,P10,12,other person,True,,,,,
A018,a_with_gaze,P16,7,other person,True,,,,,
A019,a_with_gaze,P39,20,other person,True,,,,,
A020,a_with_gaze,P13,30,other person,True,,,,,
A021,a_with_gaze,P13,22,assistant,True,,,,,
A022,a_with_gaze,P09,4,assistant,True,,,,,
A023,a_with_gaze,P12,28,other person,True,,,,,
A024,a_with_gaze,P32,13,other person,True,,,,,
B000,b_without_gaze,P10,5,other person,False,,,,,
B001,b_without_gaze,P36,25,assistant,False,,,,,
B002,b_without_gaze,P30,3,assistant,False,,,,,
B003,b_without_gaze,P30,28,other person,False,,,,,
B004,b_without_gaze,P31,4,assistant,False,,,,,
B005,b_without_gaze,P37,10,assistant,False,,,,,
B006,b_without_gaze,P32,27,assistant,False,,,,,
B007,b_without_gaze,P37,23,other person,False,,,,,
B008,b_without_gaze,P25,15,other person,False,,,,,
B009,b_without_gaze,P07,4,other person,False,,,,,
B010,b_without_gaze,P29,15,other person,False,,,,,
B011,b_without_gaze,P29,19,other person,False,,,,,
B012,b_without_gaze,P35,6,assistant,False,,,,,
B013,b_without_gaze,P08,28,assistant,False,,,,,
B014,b_without_gaze,P31,7,other person,False,,,,,
B015,b_without_gaze,P00,7,assistant,True,,,,,
B016,b_without_gaze,P04,12,assistant,False,,,,,
B017,b_without_gaze,P39,11,assistant,True,,,,,
B018,b_without_gaze,P00,27,other person,False,,,,,
B019,b_without_gaze,P09,29,assistant,True,,,,,
B020,b_without_gaze,P30,9,other person,True,,,,,
B021,b_without_gaze,P19,9,other person,True,,,,,
B022,b_without_gaze,P17,10,other person,True,,,,,
B023,b_without_gaze,P31,13,other person,True,,,,,
B024,b_without_gaze,P27,6,assistant,True,,,,,
B025,b_without_gaze,P04,21,assistant,True,,,,,
B026,b_without_gaze,P11,7,assistant,True,,,,,
B027,b_without_gaze,P21,23,other person,False,,,,,
B028,b_without_gaze,P32,24,other person,True,,,,,
B029,b_without_gaze,P33,4,other person,False,,,,,
B030,b_without_gaze,P24,12,assistant,True,,,,,
B031,b_without_gaze,P15,7,other person,False,,,,,
B032,b_without_gaze,P13,24,other person,False,,,,,
B033,b_without_gaze,P33,13,other person,True,,,,,
B034,b_without_gaze,P11,26,other person,False,,,,,
C000,c_personalization,P27,14,,,P1b,4,,,
C001,c_personalization,P35,10,,,P0,5,,,
C002,c_personalization,P00,20,,,P2b,3,,,
C003,c_personalization,P35,19,,,P2a,3,,,
C004,c_personalization,P00,12,,,P2b,3,,,
C005,c_personalization,P28,12,,,P0,3,,,
C006,c_personalization,P38,13,,,P0,3,,,
C007,c_personalization,P11,19,,,P1a,3,,,
C008,c_personalization,P36,8,,,P2b,3,,,
C009,c_personalization,P13,29,,,P1a,1,,,
C010,c_personalization,P37,26,,,P2b,1,,,
C011,c_personalization,P05,15,,,P1b,4,,,
C012,c_personalization,P17,17,,,P2a,5,,,
C013,c_personalization,P07,22,,,P2a,1,,,
C014,c_personalization,P32,29,,,P1a,3,,,
C015,c_personalization,P06,19,,,P1a,3,,,
C016,c_personalization,P35,10,,,P2a,3,,,
C017,c_personalization,P28,8,,,P1b,3,,,
C018,c_personalization,P36,21,,,P2a,3,,,
C019,c_personalization,P08,3,,,P2a,3,,,
C020,c_personalization,P12,10,,,P0,1,,,
C021,c_personalization,P10,18,,,P2b,3,,,
C022,c_personalization,P16,5,,,P1a,3,,,
C023,c_personalization,P07,22,,,P1b,1,,,
C024,c_personalization,P14,17,,,P0,1,,,
C025,c_personalization,P35,19,,,P2b,3,,,
C026,c_personalization,P18,20,,,P1a,3,,,
C027,c_personalization,P01,23,,,P0,1,,,
C028,c_personalization,P33,19,,,P1b,3,,,
C029,c_personalization,P30,30,,,P1b,3,,,
D000,d_contrast,P18,,,,,,transport,yes,
D001,d_contrast,P13,,,,,,random,no,
D002,d_contrast,P02,,,,,,random,no,
D003,d_contrast,P18,,,,,,random,no,
D004,d_contrast,P32,,,,,,random,no,
D005,d_contrast,P08,,,,,,temperature,yes,
D006,d_contrast,P13,,,,,,caffeine,yes,
D007,d_contrast,P35,,,,,,noise,yes,
D008,d_contrast,P33,,,,,,spice,yes,
D009,d_contrast,P22,,,,,,random,no,
E000,e_extraction,P03,30,,,P2a,,,,yes
E001,e_extraction,P02,28,,,P1a,,,,no
E002,e_extraction,P12,10,,,P2b,,,,no
E003,e_extraction,P19,23,,,P0,,,,no
E004,e_extraction,P26,19,,,P2a,,,,yes
E005,e_extraction,P09,3,,,P2b,,,,yes
E006,e_extraction,P17,17,,,P2b,,,,yes
E007,e_extraction,P06,17,,,P1b,,,,no
E008,e_extraction,P18,17,,,P0,,,,no
E009,e_extraction,P32,8,,,P2b,,,,yes
E010,e_extraction,P05,8,,,P1b,,,,no
E011,e_extraction,P10,7,,,P1a,,,,no
E012,e_extraction,P12,20,,,P1b,,,,no
E013,e_extraction,P03,21,,,P2b,,,,yes
E014,e_extraction,P01,14,,,P2b,,,,yes
E015,e_extraction,P11,5,,,P2a,,,,yes
E016,e_extraction,P12,10,,,P1a,,,,no
E017,e_extraction,P39,18,,,P1a,,,,no
E018,e_extraction,P00,30,,,P2a,,,,yes
E019,e_extraction,P04,21,,,P1a,,,,no
E020,e_extraction,P13,26,,,P1a,,,,no
E021,e_extraction,P05,21,,,P2b,,,,yes
E022,e_extraction,P32,8,,,P1a,,,,no
E023,e_extraction,P32,8,,,P2a,,,,yes
E024,e_extraction,P01,21,,,P2a,,,,yes
